LATITUDE,LONGITUDE,ScaledCountPerMinute,ScaledCountPerKM,Season_Northeast Monsoon,Season_Southwest Monsoon,TimeOfDay_Morning,Month,DayOfWeek,OBSERVATION COUNT
6.0799399,80.9329748,-0.4056181488764008,-0.08402298002419137,True,False,False,1,6,4.0
6.076015,80.9329447,0.09632203927861412,0.08939611571044521,True,False,True,1,0,4.0
6.0837023,80.9323441,0.45668935385144527,0.02936642872537869,True,False,False,2,4,8.0
6.0968647,80.9243003,1.3093441606532337,-0.1281350425855127,True,False,False,2,4,3.0
6.0968647,80.9243003,1.3093441606532337,-0.1281350425855127,True,False,False,2,4,3.0
6.0957235,80.9555139,-0.23830475282472913,-0.04195597165291814,True,False,False,2,4,4.0
6.0837023,80.9323441,0.45668935385144527,0.02936642872537869,True,False,False,2,4,8.0
6.0968647,80.9243003,1.3093441606532337,-0.1281350425855127,True,False,False,2,4,3.0
6.0837023,80.9323441,0.45668935385144527,0.02936642872537869,True,False,False,2,4,8.0
6.0957235,80.9555139,-0.23830475282472913,-0.04195597165291814,True,False,False,2,4,4.0
6.09382,80.9541666,0.07473321398162422,-0.10191542640951101,True,False,False,2,2,4.0
6.0837023,80.9323441,0.45668935385144527,0.02936642872537869,True,False,False,2,4,8.0
6.0957235,80.9555139,-0.23830475282472913,-0.04195597165291814,True,False,False,2,4,4.0
6.0906125,80.9354124,-0.5729315449280724,-0.17073252789150967,True,False,True,2,5,
6.0968647,80.9243003,1.3093441606532337,-0.1281350425855127,True,False,False,2,4,3.0
6.0957235,80.9555139,-0.23830475282472913,-0.04195597165291814,True,False,False,2,4,4.0
6.0906125,80.9354124,-0.5729315449280724,-0.17073252789150967,False,False,True,3,3,
6.0957235,80.9555139,0.46556539608230324,0.4389439805505721,False,False,False,4,3,6.0
6.0906125,80.9354124,0.43094883138195744,-0.15859513317324003,False,False,True,4,5,1.0
6.0906125,80.9354124,-0.34477691394852017,-0.07648301934007672,False,False,False,4,4,2.0
6.0906125,80.9354124,-0.5729315449280724,-0.17073252789150967,False,False,True,4,1,
6.0906125,80.9354124,-0.5455031193458311,-0.16387837939862512,False,False,True,4,5,1.0
6.0957235,80.9555139,0.46556539608230324,0.4389439805505721,False,False,False,4,3,6.0
6.19478,80.9499733,-0.29789582539107795,-0.09926861481404954,False,True,False,5,4,4.0
6.19478,80.9499733,-0.29789582539107795,-0.09926861481404954,False,True,False,5,4,4.0
6.089234,80.9489068,0.03285833732798009,-0.09486167350760615,False,False,False,11,4,7.0
6.0906125,80.9354124,-0.5729315449280724,-0.17073252789150967,False,False,True,11,1,
6.089234,80.9489068,0.03285833732798009,-0.09486167350760615,False,False,False,11,4,7.0
6.0906125,80.9354124,-0.5729315449280724,-0.17073252789150967,False,False,True,11,5,
6.089234,80.9489068,0.08896760428733187,-0.08402298002419137,False,False,False,11,4,12.0
6.089234,80.9489068,0.08896760428733187,-0.08402298002419137,False,False,False,11,4,12.0
6.0906125,80.9354124,-0.5729315449280724,-0.17073252789150967,True,False,True,12,5,
6.0906125,80.9354124,-0.5729315449280724,-0.17073252789150967,True,False,True,1,4,
6.0906125,80.9354124,-0.4341462394474231,-0.1472552134870011,True,False,False,1,0,6.0
6.0906125,80.9354124,-0.5089901196853953,-0.1575146090092965,True,False,True,1,4,2.0
6.0906125,80.9354124,-0.5729315449280724,-0.17073252789150967,True,False,True,1,5,
6.1620879,80.8989529,-0.07099135677305747,0.07012732729548557,True,False,False,2,6,2.0
6.0412961,80.7412477,0.5678416099696887,0.9131368204499691,True,False,True,2,4,5.0
6.0412961,80.7412477,0.5678416099696887,0.9131368204499691,True,False,True,2,4,5.0
6.0412961,80.7412477,0.5678416099696887,0.9131368204499691,True,False,True,2,4,5.0
6.0412961,80.7412477,0.5678416099696887,0.9131368204499691,True,False,True,2,4,5.0
6.0463094,80.7294072,0.1799787373044499,-0.07119350610504734,False,True,False,6,0,3.0
6.1833817,81.2451875,-0.4552893133292408,-0.1574786907514644,True,False,False,1,2,3.0
6.188598,81.2200356,-0.5117193268603877,-0.1617514257094231,True,False,True,1,2,2.0
6.188598,81.2200356,-0.4056181488764008,-0.14471966353131419,True,False,True,1,4,8.0
6.188598,81.2200356,-0.2717674320350635,-0.12195840721614312,True,False,True,1,5,9.0
6.188598,81.2200356,-0.35469668051284853,-0.0361832294767054,True,False,True,1,2,6.0
6.188598,81.2200356,-0.4974518173859649,-0.16509911132008825,True,False,True,1,6,4.0
6.1938448,81.2576837,-0.315526320233193,-0.12541394886677884,True,False,False,2,6,4.0
6.2028327,81.2421641,0.17068354863491259,-0.11891407299072182,True,False,True,2,6,4.0
6.1938448,81.2576837,-0.315526320233193,-0.12541394886677884,True,False,False,2,6,4.0
6.1937271,81.1858388,-0.07099135677305747,-0.08944232676589876,True,False,False,2,6,3.0
6.1295157,81.1216347,3.442589960312047,0.0050300691368382255,True,False,False,2,6,4.0
6.1922451,81.2279787,0.6317249066439633,-0.09511373614675533,True,False,True,2,6,6.0
6.188598,81.2200356,-0.5729315449280724,-0.17073252789150967,True,False,True,2,2,
6.1938448,81.2576837,-0.315526320233193,-0.12541394886677884,True,False,False,2,6,4.0
6.1822533,81.2234169,-0.23454490122806237,-0.15342139366777707,True,False,True,2,6,6.0
6.1938448,81.2576837,-0.315526320233193,-0.12541394886677884,True,False,False,2,6,4.0
6.1937271,81.1858388,-0.07099135677305747,-0.08944232676589876,True,False,False,2,6,3.0
6.2028327,81.2421641,0.17068354863491259,-0.11891407299072182,True,False,True,2,6,4.0
6.2028327,81.2421641,0.17068354863491259,-0.11891407299072182,True,False,True,2,6,4.0
6.1822533,81.2234169,-0.23454490122806237,-0.15342139366777707,True,False,True,2,6,6.0
6.1822533,81.2234169,-0.23454490122806237,-0.15342139366777707,True,False,True,2,6,6.0
6.188598,81.2200356,-0.5366903761082157,-0.1683432207822258,True,False,True,2,3,2.0
6.188598,81.2200356,-0.5729315449280724,-0.17073252789150967,True,False,True,2,5,
6.1922451,81.2279787,0.6317249066439633,-0.09511373614675533,True,False,True,2,6,6.0
6.1822533,81.2234169,-0.23454490122806237,-0.15342139366777707,True,False,True,2,6,6.0
6.2028327,81.2421641,0.17068354863491259,-0.11891407299072182,True,False,True,2,6,4.0
6.1922451,81.2279787,0.6317249066439633,-0.09511373614675533,True,False,True,2,6,6.0
6.1937271,81.1858388,-0.07099135677305747,-0.08944232676589876,True,False,False,2,6,3.0
6.1937271,81.1858388,-0.07099135677305747,-0.08944232676589876,True,False,False,2,6,3.0
6.1935349,81.2585154,-0.25921892733118806,-0.07119350610504734,True,False,True,2,5,3.0
6.188598,81.2200356,-0.02013398088069919,-0.14035388850827005,True,False,False,2,3,25.0
6.1943058,81.2637059,0.1799787373044499,0.23571847773654483,True,False,False,2,6,3.0
6.188598,81.2200356,-0.5200957356485971,-0.1672172759509427,True,False,False,2,2,2.0
6.1922451,81.2279787,0.6317249066439633,-0.09511373614675533,True,False,True,2,6,6.0
6.2015578,81.2618267,0.03919063574877502,0.03249297492251759,True,False,False,2,6,5.0
6.188598,81.2200356,-0.5729315449280724,-0.17073252789150967,False,False,False,3,4,
6.188598,81.2200356,-0.3177077204424716,-0.15912655033639567,False,False,True,3,6,6.0
6.188598,81.2200356,-0.5729315449280724,-0.17073252789150967,False,False,False,3,3,
6.188598,81.2200356,-0.5729315449280724,-0.17073252789150967,False,False,True,3,0,
6.188598,81.2200356,-0.2971402327549873,-0.15674892128150478,False,False,True,4,6,10.0
6.2028327,81.2421641,0.17068354863491259,-0.0778294408908115,False,False,True,4,3,4.0
6.2047891,81.2298359,1.7086147648674497,-0.055427278067948095,False,False,True,4,3,5.0
6.188598,81.2200356,0.28753734905195316,-0.12913945180285016,False,False,True,4,0,30.0
6.188598,81.2200356,-0.5729315449280724,-0.17073252789150967,False,False,True,4,4,
6.188598,81.2200356,-0.5729315449280724,-0.17073252789150967,False,False,False,4,5,
6.188598,81.2200356,-0.5729315449280724,-0.17073252789150967,False,False,False,4,6,
6.1938448,81.2576837,3.442589960312047,-0.07068304958306548,False,False,True,4,3,8.0
6.1938448,81.2576837,0.9714998032412042,-0.1096694660131165,False,False,True,4,3,4.0
6.2028327,81.2421641,0.17068354863491259,-0.0778294408908115,False,False,True,4,3,4.0
6.2028327,81.2421641,0.0007143843919446059,-0.12822784756439284,False,False,True,4,3,4.0
6.188598,81.2200356,-0.5729315449280724,-0.17073252789150967,False,False,True,4,5,
6.188598,81.2200356,-0.5729315449280724,-0.17073252789150967,False,False,False,4,6,
6.188598,81.2200356,-0.2971402327549873,-0.15674892128150478,False,False,True,4,6,10.0
6.1938448,81.2576837,3.442589960312047,-0.07068304958306548,False,False,True,4,3,8.0
6.2007,81.2178091,4.97482842941683,0.26698393970793366,False,False,True,4,3,21.0
6.1916363,81.2702795,0.08751607106536821,-0.09683234505004522,False,False,True,4,3,5.0
6.188598,81.2200356,0.28753734905195316,-0.12913945180285016,False,False,True,4,0,30.0
6.2007,81.2178091,4.97482842941683,0.26698393970793366,False,False,True,4,3,21.0
6.2540325,81.1465591,-0.03238057306882556,1.0937817118402156,False,False,True,4,4,7.0
6.1916363,81.2702795,0.08751607106536821,-0.09683234505004522,False,False,True,4,3,5.0
6.2028327,81.2421641,0.0007143843919446059,-0.12822784756439284,False,False,True,4,3,4.0
6.188598,81.2200356,0.28753734905195316,-0.12913945180285016,False,False,True,4,0,30.0
6.188598,81.2200356,-0.5729315449280724,-0.17073252789150967,False,False,False,4,6,
6.2047891,81.2298359,1.7086147648674497,-0.055427278067948095,False,False,True,4,3,5.0
6.1938448,81.2576837,0.9714998032412042,-0.1096694660131165,False,False,True,4,3,4.0
6.188598,81.2200356,-0.4056181488764008,-0.16422931180146078,False,True,True,5,0,4.0
6.188598,81.2200356,-0.4056181488764008,-0.16422931180146078,False,True,True,5,0,4.0
6.188598,81.2200356,-0.5729315449280724,-0.17073252789150967,False,True,True,7,2,
6.188598,81.2200356,-0.32196145085056493,-0.1577260957114119,False,False,True,9,5,4.0
6.188598,81.2200356,1.6579137357608826,-0.04066820609053222,False,False,True,9,5,40.0
6.188598,81.2200356,-0.5478345355203216,-0.14794088271610473,False,False,True,10,0,3.0
6.1891958,81.2644983,-0.4056181488764008,0.009912363498736776,False,False,True,11,1,2.0
6.188598,81.2200356,-0.2888144572931583,-0.12971140032602058,False,False,True,11,6,15.0
6.188598,81.2200356,-0.2776726107192401,-0.15549537679017678,False,False,True,11,6,1.0
6.188598,81.2200356,-0.5729315449280724,-0.17073252789150967,False,False,True,11,5,
6.188598,81.2200356,-0.5246680652977825,-0.16346920506797824,False,False,True,11,1,4.0
6.188598,81.2200356,-0.5175704947639164,-0.16601252782615267,True,False,True,12,3,3.0
6.188598,81.2200356,-0.45462914367941565,-0.14750675614133513,True,False,True,12,6,7.0
6.188598,81.2200356,0.17068354863491259,-0.06412242805464291,True,False,True,12,0,4.0
6.1492483,81.0666675,0.6181129693380647,0.08645680900307849,True,False,False,12,6,14.0
6.188598,81.2200356,-0.5729315449280724,-0.17073252789150967,True,False,False,12,0,
6.188598,81.2200356,-0.49197345006436033,-0.13991159855478516,True,False,True,12,3,2.0
6.188598,81.2200356,0.3396869789901365,-0.08572316723727604,True,False,True,12,0,4.0
6.188598,81.2200356,-0.47940231732154787,-0.16007151790782298,True,False,True,12,3,3.0
6.188598,81.2200356,-0.4534219763197355,0.23571847773654483,True,False,False,12,5,4.0
6.188598,81.2200356,0.43094883138195744,-0.08590797019522002,True,False,True,12,0,6.0
6.188598,81.2200356,-0.46138928089362463,-0.14605239092737732,True,False,True,1,2,4.0
6.188598,81.2200356,-0.5729315449280724,-0.17073252789150967,True,False,True,1,1,
6.188598,81.2200356,-0.5210066978775536,-0.16748091984648525,True,False,True,1,5,3.0
6.188598,81.2200356,-0.5729315449280724,-0.17073252789150967,True,False,False,1,5,
6.188598,81.2200356,-0.522737526112571,-0.16097770375643636,True,False,True,1,2,3.0
6.188598,81.2200356,-0.522737526112571,-0.16097770375643636,True,False,True,1,2,3.0
6.188598,81.2200356,-0.5729315449280724,-0.17073252789150967,True,False,True,1,3,
6.2009688,81.195205,-0.22274071598271317,-0.07318428654077658,True,False,False,1,4,3.0
6.200155,81.1985585,-0.24270773693135209,-0.0703742548969283,True,False,True,1,5,5.0
6.1963995,81.2109113,-0.40836099143462484,-0.15830995656381364,True,False,True,1,2,4.0
6.200155,81.1985585,-0.4562012686129526,-0.13357129309123042,True,False,False,2,4,2.0
6.208067,81.20734,-0.41607523612963027,-0.1022776216804689,True,False,False,2,5,4.0
6.1963995,81.2109113,-0.17456631623361615,-0.14779915662498333,True,False,True,2,0,20.0
6.210861,81.190059,0.7479636870588088,0.1042448966348697,True,False,False,2,2,40.0
6.1963995,81.2109113,-0.17456631623361615,-0.14779915662498333,True,False,True,2,0,20.0
6.1963995,81.2109113,-0.5729315449280724,-0.17073252789150967,False,False,True,3,4,
6.197448,81.2148906,-0.33391240771139863,-0.13058921869367712,False,False,True,3,3,11.0
6.200719,81.199293,-0.4791109490112472,-0.16517944438877813,False,False,False,3,3,2.0
6.2010931,81.1973712,-0.47084201513383206,-0.15151119954653763,False,False,True,3,3,6.0
6.1994514,81.2129668,1.1002024155886438,-0.0514074620190533,False,False,True,4,3,4.0
6.1963995,81.2109113,-0.5109636204644903,-0.12070778873728757,False,False,True,4,3,1.0
6.1994514,81.2129668,1.1002024155886438,-0.0514074620190533,False,False,True,4,3,4.0
6.1963995,81.2109113,-0.5109636204644903,-0.12070778873728757,False,False,True,4,3,1.0
6.2740086,81.2276923,-0.05812109553831355,0.24882980049874018,False,False,False,8,4,4.0
6.1990936,81.2104225,-0.5729315449280724,-0.17073252789150967,False,False,True,9,0,
6.1990936,81.2104225,4.446470336622077,1.5111337022935434,False,False,False,10,5,6.0
6.2092156,81.2087333,-0.4335037148850127,0.06152518961023575,False,False,False,10,5,2.0
6.2083074,81.2092193,-0.46138928089362463,0.3637783836193566,False,False,False,10,5,12.0
6.2083074,81.2092193,-0.5060061865074037,0.6421694833645994,False,False,True,10,6,2.0
6.1990936,81.2104225,-0.5729315449280724,-0.17073252789150967,False,False,True,11,6,
6.1994514,81.2129668,-0.3637897998634829,-0.14117245475492388,True,False,False,12,3,1.0
6.2013975,81.1957455,-0.4056181488764008,-0.1382164474412653,True,False,False,1,3,1.0
6.2011736,81.1972238,-0.4474464978893187,-0.1382164474412653,True,False,True,1,4,3.0
6.2010865,81.1970094,-0.49857003557177393,-0.10570036699102094,True,False,False,1,6,2.0
6.2011736,81.1972238,-0.4474464978893187,-0.1382164474412653,True,False,True,1,4,3.0
6.2010865,81.1970094,-0.4892748469022366,-0.14634546755382638,True,False,True,1,0,3.0
6.1963995,81.2109113,-0.283350667146333,-0.15045855068050829,True,False,True,1,2,6.0
6.1963995,81.2109113,-0.283350667146333,-0.15045855068050829,True,False,True,1,2,6.0
6.1963995,81.2109113,-0.283350667146333,-0.15045855068050829,True,False,True,1,2,6.0
6.1963995,81.2109113,-0.283350667146333,-0.15045855068050829,True,False,True,1,2,6.0
6.2010865,81.1970094,-0.4056181488764008,-0.1382164474412653,True,False,False,1,4,3.0
6.2013975,81.1957455,-0.4056181488764008,-0.1382164474412653,True,False,False,1,3,1.0
6.1963995,81.2109113,-0.283350667146333,-0.15045855068050829,True,False,True,1,2,6.0
6.1340675,80.6810656,-0.294075884841953,0.10023480919386002,False,False,True,3,6,5.0
6.1340675,80.6810656,-0.4892748469022366,-0.07318428654077658,False,False,True,3,0,3.0
6.1340675,80.6810656,-0.46836067239577767,-0.06911977648449603,False,False,False,3,5,5.0
6.1202632,80.7215908,5.163527748272098,1.3157168641196613,False,True,False,6,0,16.0
5.998686,80.747616,0.3396869789901365,0.5361387862442374,True,False,True,1,3,8.0
6.051961,80.85888,1.4619611097544203,0.1805394971381377,True,False,True,2,2,30.0
6.051961,80.85888,0.2432313626410575,0.052976315935420924,True,False,True,2,0,20.0
6.051961,80.85888,0.7364776415632708,0.13845365705534637,True,False,False,2,6,6.0
6.061721,80.87304,-0.38352015317146304,-0.07634622760052458,True,False,False,2,0,2.0
6.0431558,80.8059458,-0.23830475282472913,-0.1544744876663875,True,False,False,2,4,2.0
6.0431558,80.8059458,-0.23830475282472913,-0.1544744876663875,True,False,False,2,4,2.0
6.0431558,80.8059458,-0.23830475282472913,-0.1544744876663875,True,False,False,2,4,2.0
6.047135,80.861794,-0.46381411272046047,-0.15409600681182464,True,False,True,2,6,2.0
6.0431558,80.8059458,-0.23830475282472913,-0.1544744876663875,True,False,False,2,4,2.0
6.068174,80.855501,0.46556539608230324,0.25431427537965845,True,False,False,2,1,6.0
6.047135,80.861794,-0.22913689550682934,-0.11852302170935751,True,False,False,2,5,5.0
6.051961,80.85888,1.817259827238665,0.5819545195678505,True,False,True,2,1,10.0
6.051961,80.85888,1.1002024155886438,0.15442827661093395,True,False,False,2,6,10.0
6.0412193,80.8155746,-0.15464805479889335,-0.06234559305736179,False,False,True,3,5,10.0
5.9959134,80.7323017,1.9367693958470023,0.609653402914355,False,False,False,3,4,6.0
5.9959134,80.7323017,1.9367693958470023,0.609653402914355,False,False,False,3,4,6.0
6.011952,80.7829341,-0.5729315449280724,-0.17073252789150967,False,False,True,3,3,
6.069816,80.892274,-0.39984872142634315,-0.0601336147954404,False,False,False,4,4,1.0
6.0523931,80.8341408,-0.3394709922978329,-0.1310787712448702,False,False,False,4,5,2.0
6.0236483,80.7949486,-0.5729315449280724,-0.17073252789150967,False,False,True,8,1,
6.0451498,80.7986897,-0.5729315449280724,-0.17073252789150967,True,False,True,12,0,
6.2885959,81.2879062,-0.46138928089362463,0.15442827661093395,True,False,False,1,0,2.0
6.3531747,81.4722061,-0.19382264148772885,-0.13746867605191113,True,False,True,1,6,50.0
6.3531747,81.4722061,-0.5729315449280724,-0.17073252789150967,True,False,True,1,5,
6.2935227,81.2677467,0.09632203927861412,-0.0010834124989303896,True,False,True,1,5,6.0
6.296813,81.270306,-0.46138928089362463,-0.15890849863687537,True,False,False,1,3,2.0
6.2935227,81.2677467,-0.12676248879028137,-0.13232014696977978,True,False,True,1,5,4.0
6.3531747,81.4722061,-0.5367165241376672,-0.16823567003834106,True,False,True,1,4,5.0
6.3716425,81.5050842,-0.33296014023244774,-0.11318194302382052,True,False,False,1,1,12.0
6.284418,81.2332,0.7836635581935896,0.23319393732891713,True,False,True,1,1,10.0
6.2328926,81.3536954,1.354518777587185,0.08939611571044521,True,False,False,1,4,48.0
6.2912334,81.2682894,-0.283350667146333,-0.05320452626412041,True,False,False,1,0,3.0
6.3531747,81.4722061,-0.4512490750723112,-0.14581599114802737,True,False,True,1,1,4.0
6.28932,81.390609,2.582121066332021,0.06771872874361563,True,False,True,1,4,22.0
6.3531747,81.4722061,-0.029163007760139577,-0.1509889946895864,True,False,True,1,4,13.0
6.3531747,81.4722061,-0.4552893133292408,-0.16375233173045542,True,False,True,1,4,6.0
6.3531747,81.4722061,-0.42637966517478343,-0.16450399030885582,True,False,True,2,1,4.0
6.2885348,81.260379,-0.23830475282472913,0.03123070471870376,True,False,False,2,0,2.0
6.283272,81.4157,-0.395776184402773,-0.16474980839744446,True,False,False,2,4,6.0
6.2442417,81.3773055,3.012355513322034,0.3712021462792297,True,False,True,2,5,10.0
6.2973268,81.293968,-0.26562122564949187,-0.011209647514186578,True,False,False,2,5,6.0
6.3531747,81.4722061,-0.42637966517478343,-0.16450399030885582,True,False,True,2,1,4.0
6.2935227,81.2677467,1.1002024155886438,0.47958908111337756,True,False,True,2,3,20.0
6.2885959,81.2879062,-0.2888144572931583,-0.13091691917692475,True,False,False,2,5,3.0
6.2973268,81.293968,0.03548080435073355,0.07420969772238381,True,False,False,2,0,4.0
6.3531747,81.4722061,-0.5729315449280724,-0.17073252789150967,True,False,True,2,2,
6.2442417,81.3773055,3.012355513322034,0.3712021462792297,True,False,True,2,5,10.0
6.2885959,81.2879062,-0.2888144572931583,-0.13091691917692475,True,False,False,2,5,3.0
6.2928616,81.4304066,-0.5624744576748428,-0.16938554858536864,True,False,True,2,2,1.0
6.2935227,81.2677467,0.07058151680912612,-0.06760509227386183,True,False,True,2,3,10.0
6.3531747,81.4722061,-0.42637966517478343,-0.16450399030885582,True,False,True,2,1,4.0
6.267568,81.3103445,-0.35704329195817347,-0.13357129309123042,True,False,False,2,4,4.0
6.2814981,81.4125125,0.768130026478456,-0.12188863021946879,True,False,False,2,5,35.0
6.2814981,81.4125125,0.768130026478456,-0.12188863021946879,True,False,False,2,5,35.0
6.2592374,81.3874048,0.0007143843919446059,-0.05860811254583945,True,False,True,2,5,4.0
6.3531747,81.4722061,-0.5729315449280724,-0.17073252789150967,True,False,True,2,3,
6.3531747,81.4722061,-0.25921892733118806,-0.14855138246635774,True,False,True,2,6,45.0
6.2442417,81.3773055,3.012355513322034,0.3712021462792297,True,False,True,2,5,10.0
6.2945915,81.2598074,-0.12676248879028137,-0.04066820609053222,True,False,False,2,0,12.0
6.2935227,81.2677467,-0.49197345006436033,-0.1476551109644377,True,False,True,2,4,1.0
6.3531747,81.4722061,-0.49450339052885134,-0.1644059498600978,True,False,True,2,2,5.0
6.2814981,81.4125125,0.768130026478456,-0.12188863021946879,True,False,False,2,5,35.0
6.2935227,81.2677467,-0.4493009567125515,-0.14948296544853204,True,False,False,2,1,5.0
6.2495063,81.3825615,-0.29843300453079863,-0.07469347170935332,True,False,True,2,5,7.0
6.3531747,81.4722061,-0.4994768832468507,-0.16696560476242667,True,False,True,2,2,9.0
6.2814981,81.4125125,0.768130026478456,-0.12188863021946879,True,False,False,2,5,35.0
6.243248,81.3773412,1.5782406900219912,0.47958908111337756,True,False,True,2,5,3.0
6.3531747,81.4722061,-0.25921892733118806,-0.14855138246635774,True,False,True,2,6,45.0
6.2592374,81.3874048,0.0007143843919446059,-0.05860811254583945,True,False,True,2,5,4.0
6.2973268,81.293968,0.3682063078625805,0.3346987744438949,True,False,False,2,5,6.0
6.3531747,81.4722061,-0.4782258490497677,-0.16736298587594028,True,False,False,2,5,3.0
6.2495063,81.3825615,-0.29843300453079863,-0.07469347170935332,True,False,True,2,5,7.0
6.2495063,81.3825615,-0.29843300453079863,-0.07469347170935332,True,False,True,2,5,7.0
6.2935227,81.2677467,-0.5729315449280724,-0.17073252789150967,True,False,True,2,2,
6.3531747,81.4722061,-0.44585807957237245,-0.16549208407885108,True,False,False,2,2,6.0
6.243248,81.3773412,1.5782406900219912,0.47958908111337756,True,False,True,2,5,3.0
6.3531747,81.4722061,-0.42637966517478343,-0.16450399030885582,True,False,True,2,1,4.0
6.3531747,81.4722061,-0.08323380038659443,-0.10570036699102094,True,False,True,2,1,60.0
6.2592374,81.3874048,0.0007143843919446059,-0.05860811254583945,True,False,True,2,5,4.0
6.2442417,81.3773055,3.012355513322034,0.3712021462792297,True,False,True,2,5,10.0
6.2495063,81.3825615,-0.29843300453079863,-0.07469347170935332,True,False,True,2,5,7.0
6.2592374,81.3874048,0.0007143843919446059,-0.05860811254583945,True,False,True,2,5,4.0
6.2885348,81.260379,-0.23830475282472913,0.03123070471870376,True,False,False,2,0,2.0
6.283272,81.4157,-0.35039648614013474,-0.1608351819752421,True,False,True,2,4,9.0
6.2885959,81.2879062,-0.2888144572931583,-0.13091691917692475,True,False,False,2,5,3.0
6.2885959,81.2879062,-0.2888144572931583,-0.13091691917692475,True,False,False,2,5,3.0
6.2973268,81.293968,-0.26562122564949187,-0.011209647514186578,True,False,False,2,5,6.0
6.2973268,81.293968,0.03548080435073355,0.07420969772238381,True,False,False,2,0,4.0
6.2577175,81.2488445,-0.30403501555931445,-0.10105521264098603,False,False,False,3,3,3.0
6.3531747,81.4722061,-0.5729315449280724,-0.17073252789150967,False,False,False,3,4,
6.3531747,81.4722061,-0.5729315449280724,-0.17073252789150967,False,False,True,3,3,
6.3531747,81.4722061,-0.5729315449280724,-0.17073252789150967,False,False,True,3,5,
6.3669721,81.4396971,-0.5729315449280724,-0.17073252789150967,False,False,True,3,6,
6.2935227,81.2677467,-0.5311031959151545,-0.15456743693936234,False,False,False,3,6,2.0
6.2885959,81.2879062,-0.5729315449280724,-0.17073252789150967,False,False,False,3,2,
6.3531747,81.4722061,-0.5729315449280724,-0.17073252789150967,False,False,True,3,3,
6.3531747,81.4722061,-0.5729315449280724,-0.17073252789150967,False,False,True,3,6,
6.3531747,81.4722061,-0.5729315449280724,-0.17073252789150967,False,False,True,3,1,
6.2874868,81.2911892,-0.39040784014443064,-0.04947927574640949,False,False,True,3,1,6.0
6.2810253,81.4017965,0.22324944317988232,-0.13493215209660206,False,False,False,3,3,23.0
6.3934331,81.441335,-0.33061559202565144,-0.10398397564760628,False,False,True,3,6,14.0
6.267568,81.3103445,-0.5251277174847376,-0.14379294176868915,False,False,False,3,0,2.0
6.2874868,81.2911892,-0.39040784014443064,-0.110124735812769,False,False,True,3,0,6.0
6.3531747,81.4722061,0.40306326537334547,-0.07744869053425125,False,False,True,3,5,7.0
6.2935227,81.2677467,9.465872218172226,-0.0899472348474243,False,False,False,3,0,2.0
6.3531747,81.4722061,-0.4994768832468507,-0.11368677271564236,False,False,True,3,4,3.0
6.2874868,81.2911892,-0.49857003557177393,-0.13031477717647627,False,False,True,3,0,2.0
6.2810253,81.4017965,-0.25921892733118806,-0.1370952032878086,False,False,False,3,3,3.0
6.3531747,81.4722061,-0.5729315449280724,-0.17073252789150967,False,False,True,4,2,
6.3531747,81.4722061,-0.5729315449280724,-0.17073252789150967,False,False,True,4,2,
6.3531747,81.4722061,-0.5729315449280724,-0.17073252789150967,False,False,True,4,3,
6.3531747,81.4722061,-0.5729315449280724,-0.17073252789150967,False,False,True,4,1,
6.267568,81.3103445,-0.2237557618637142,-0.08708987721563992,False,False,False,4,0,8.0
6.3984727,81.4817646,-0.2661903188333411,0.1065363751725895,False,False,True,4,3,11.0
6.3531747,81.4722061,-0.5729315449280724,-0.17073252789150967,False,False,True,4,2,
6.3984727,81.4817646,-0.32808267265733343,-0.09392288903266473,False,False,True,4,4,18.0
6.3984777,81.4820563,-0.24681221364091582,0.08192620533674043,False,False,True,4,5,23.0
6.3531747,81.4722061,0.3274095997446,-0.1318132538854121,False,False,True,4,0,40.0
6.248984,81.368519,2.215625055933122,0.7275017386898261,False,False,True,4,0,5.0
6.3531747,81.4722061,0.16885198436505314,-0.14058410368866225,False,False,False,4,6,30.0
6.267568,81.3103445,-0.14269709793805962,-0.02513813781578866,False,False,True,4,0,6.0
6.2825812,81.2324381,-0.5729315449280724,-0.17073252789150967,False,False,False,4,1,
6.3531747,81.4722061,0.16885198436505314,-0.14058410368866225,False,False,False,4,6,30.0
6.3531747,81.4722061,0.3274095997446,-0.1318132538854121,False,False,True,4,0,40.0
6.248984,81.368519,2.215625055933122,0.7275017386898261,False,False,True,4,0,5.0
6.3985258,81.4821195,-0.23830475282472913,0.42046893484020603,False,False,True,4,1,16.0
6.3531747,81.4722061,-0.5729315449280724,-0.17073252789150967,False,False,True,4,2,
6.3531747,81.4722061,-0.5450459789194605,-0.16748091984648525,False,False,False,4,4,1.0
6.3531747,81.4722061,-0.5729315449280724,-0.17073252789150967,False,False,False,4,1,
6.2935227,81.2677467,-0.5729315449280724,-0.17073252789150967,False,False,False,4,4,
6.3984727,81.4817646,0.28530815502609813,0.5084007979680244,False,False,True,4,6,33.0
6.3984777,81.4820563,-0.47118691219394776,-0.153782355632477,False,False,True,4,2,6.0
6.3531747,81.4722061,-0.5085802387543525,-0.16836668967481552,False,True,False,5,3,2.0
6.367792,81.516889,-0.4056181488764008,-0.16097770375643636,False,True,False,5,6,6.0
6.3223211,81.3837864,-0.1470429004329082,1.188148446148553,False,True,True,5,0,28.0
6.2822042,81.3948783,-0.4253020778236562,-0.14600547051489798,False,True,False,5,3,2.0
6.2973268,81.293968,0.09632203927861412,0.2628152114450818,False,True,False,5,6,4.0
6.2973268,81.293968,0.09632203927861412,0.2628152114450818,False,True,False,5,6,4.0
6.367792,81.516889,-0.4056181488764008,-0.16097770375643636,False,True,False,5,6,6.0
6.3531747,81.4722061,-0.5729315449280724,-0.17073252789150967,False,True,True,5,5,
6.3531747,81.4722061,-0.5729315449280724,-0.17073252789150967,False,True,True,5,4,
6.3531747,81.4722061,-0.4892748469022366,-0.1577260957114119,False,True,True,6,1,8.0
6.2621478,81.3824272,0.9328890195369722,0.12615342404550411,False,True,False,6,0,21.0
6.3531747,81.4722061,-0.5729315449280724,-0.17073252789150967,False,True,True,6,6,
6.2621478,81.3824272,-0.23830475282472913,-0.11653906047443571,False,True,True,6,0,5.0
6.2621478,81.3824272,0.1799787373044499,-0.07318428654077658,False,True,False,6,6,9.0
6.2589168,81.4038095,-0.5729315449280724,-0.17073252789150967,False,True,True,7,1,
6.3531747,81.4722061,-0.5729315449280724,-0.17073252789150967,False,True,True,7,6,
6.2589168,81.4038095,-0.5729315449280724,-0.17073252789150967,False,True,False,7,0,
6.4008312,81.4423189,-0.32196145085056493,-0.1382164474412653,False,True,False,7,4,10.0
6.3531747,81.4722061,-0.5729315449280724,-0.17073252789150967,False,True,True,7,5,
6.3531747,81.4722061,-0.5729315449280724,-0.17073252789150967,False,True,True,7,1,
6.389268,81.3572172,-0.28013310183764706,-0.0033703491034872374,False,True,True,7,6,14.0
6.2775979,81.4022522,-0.44617897216165453,-0.16704589745497403,False,False,False,8,5,5.0
6.3531747,81.4722061,-0.49419582913905047,-0.16260350777894858,False,False,False,8,0,4.0
6.3531747,81.4722061,-0.5101890214086956,-0.16186450595053392,False,False,True,8,2,6.0
6.3531747,81.4722061,-0.5383943760183236,-0.1689553691859033,False,False,True,8,5,3.0
6.3531747,81.4722061,-0.5012258037630702,-0.1577260957114119,False,False,True,8,3,6.0
6.3531747,81.4722061,-0.3637897998634829,-0.1544744876663875,False,False,True,8,6,10.0
6.3531747,81.4722061,0.8325009819059694,-0.0929495075919076,False,False,False,9,5,56.0
6.3492474,81.4158026,-0.5729315449280724,-0.17073252789150967,False,False,True,9,0,
6.3675717,81.5169788,-0.3052301112453978,-0.16032738214743145,False,False,True,10,0,8.0
6.2388211,81.3730031,-0.34984701685917685,-0.10570036699102094,False,False,True,10,0,4.0
6.3531747,81.4722061,-0.5659601534259194,-0.1685647891948267,False,False,True,11,6,1.0
6.3531747,81.4722061,-0.5729315449280724,-0.17073252789150967,False,False,True,11,6,
6.3531747,81.4722061,-0.1219696571325512,-0.07896935606873418,False,False,False,11,5,23.0
6.3531747,81.4722061,-0.16037796562258072,-0.16038989760162808,False,False,True,11,0,18.0
6.2885959,81.2879062,1.1002024155886438,-0.1528959505737673,False,False,False,11,6,1.0
6.3531747,81.4722061,-0.5493293417232912,19.338915742255107,False,False,True,11,0,3.0
6.3492474,81.4158026,-0.5729315449280724,-0.17073252789150967,False,False,True,11,0,
6.3531747,81.4722061,-0.5729315449280724,-0.17073252789150967,False,False,False,11,2,
6.3531747,81.4722061,-0.4753320638979306,-0.1643038840697927,False,False,True,11,6,7.0
6.29209,81.2822025,-0.49450339052885134,-0.14868772758625926,False,False,False,11,5,2.0
6.3033483,81.4423108,-0.16037796562258072,-0.14528294757563878,False,False,True,11,4,30.0
6.312345,81.448727,1.9367693958470023,-0.10450833145516678,False,False,False,11,4,1.0
6.3531747,81.4722061,-0.5729315449280724,-0.17073252789150967,True,False,True,12,1,
6.2569,81.3801,0.09632203927861412,-0.1287762950524847,True,False,True,12,6,4.0
6.293,81.4304,-0.5478345355203216,-0.16144221919143986,True,False,True,12,6,1.0
6.3531747,81.4722061,-0.560028198188869,-0.1702147311743059,True,False,True,12,2,1.0
6.2498537,81.3702776,0.2636354353302857,0.21868160923716531,True,False,True,12,6,20.0
6.2621478,81.3824272,0.2636354353302857,-0.008152125640287862,True,False,False,12,6,5.0
6.2935227,81.2677467,-0.5101890214086956,-0.1382164474412653,True,False,True,12,1,3.0
6.3531747,81.4722061,-0.47732389004140285,-0.16770298531718336,True,False,True,12,2,2.0
6.3531747,81.4722061,-0.47732389004140285,-0.16770298531718336,True,False,True,12,2,2.0
6.3531747,81.4722061,-0.45885422943829623,-0.15122287962136305,True,False,True,12,0,15.0
6.2966209,81.2703078,-0.17137939440406047,-0.008152125640287862,True,False,True,12,3,6.0
6.3531747,81.4722061,-0.5624744576748428,-0.17005903823843913,True,False,True,12,0,1.0
6.3531747,81.4722061,1.9367693958470023,0.7717625576228194,True,False,True,12,6,100.0
6.2825812,81.2324381,-0.5729315449280724,-0.17073252789150967,True,False,True,12,2,
6.2742984,81.404126,1.7694559997953305,-0.023885712954922245,True,False,True,12,6,14.0
6.2973268,81.293968,-0.4253020778236562,0.1120159977627891,True,False,False,12,2,2.0
6.3531747,81.4722061,-0.5279144876944388,-0.16733552826235754,True,False,False,1,1,2.0
6.2885959,81.2879062,0.5424910954164051,0.15442827661093395,True,False,False,1,2,10.0
6.3531747,81.4722061,-0.5729315449280724,-0.17073252789150967,True,False,True,1,1,
6.3531747,81.4722061,-0.5279144876944388,-0.16733552826235754,True,False,False,1,1,2.0
6.3531747,81.4722061,-0.30161252430374,-0.1512801668247048,True,False,True,1,6,40.0
6.3531747,81.4722061,-0.5729315449280724,-0.17073252789150967,True,False,True,1,1,
6.3531747,81.4722061,-0.5279144876944388,-0.16733552826235754,True,False,False,1,1,2.0
6.3531747,81.4722061,-0.5729315449280724,-0.17073252789150967,True,False,True,1,1,
6.3531747,81.4722061,-0.5729315449280724,-0.17073252789150967,True,False,True,1,2,
6.3531747,81.4722061,-0.5729315449280724,-0.17073252789150967,True,False,False,1,2,
6.3531747,81.4722061,-0.5279144876944388,-0.16733552826235754,True,False,False,1,1,2.0
6.3531747,81.4722061,-0.5729315449280724,-0.17073252789150967,True,False,True,1,1,
6.2885959,81.2879062,0.5424910954164051,0.15442827661093395,True,False,False,1,2,10.0
6.3531747,81.4722061,-0.5729315449280724,-0.17073252789150967,True,False,True,1,6,
6.2935227,81.2677467,-0.5195336525711559,-0.16357039563374656,True,False,False,1,1,2.0
6.2935227,81.2677467,-0.294075884841953,-0.06234559305736179,True,False,False,1,2,5.0
6.3531747,81.4722061,-0.5279144876944388,-0.16733552826235754,True,False,False,1,1,2.0
6.3531747,81.4722061,-0.5279144876944388,-0.16733552826235754,True,False,False,1,1,2.0
6.3531747,81.4722061,-0.5729315449280724,-0.17073252789150967,True,False,True,1,1,
6.3531747,81.4722061,-0.5729315449280724,-0.17073252789150967,True,False,False,1,1,
6.3531747,81.4722061,-0.5729315449280724,-0.17073252789150967,True,False,True,1,1,
6.2935227,81.2677467,-0.5729315449280724,-0.17073252789150967,True,False,False,1,3,
6.2943429,81.2376816,-0.2861085802680639,-0.06143477847892358,True,False,True,1,5,2.0
6.3531747,81.4722061,-0.30161252430374,-0.1512801668247048,True,False,True,1,6,40.0
6.2935227,81.2677467,-0.5195336525711559,-0.16357039563374656,True,False,False,1,1,2.0
6.3531747,81.4722061,-0.30161252430374,-0.1512801668247048,True,False,True,1,6,40.0
6.3531747,81.4722061,-0.522737526112571,-0.16748091984648525,True,False,True,1,6,3.0
6.3531747,81.4722061,-0.5729315449280724,-0.17073252789150967,True,False,True,1,1,
6.2943681,81.4311583,-0.5277117081573504,-0.1505274198008837,True,False,False,1,4,10.0
6.2935227,81.2677467,-0.294075884841953,-0.06234559305736179,True,False,False,1,2,5.0
