Name,Scientific Name,Conservation Status,Distinctive Features,Size,Habitat,Behavior,Range
red-vented bulbul,Pycnonotus cafer,Least Concern,"Black crest, white rump, red vent under tail",Medium-sized,Often seen high in trees or perched on wires in urban and rural areas; generally prefers scrubby edge habitat instead of dense forest,Conspicuous and sometimes gregarious,"Native to South and Southeast Asia. Introduced to Kuwait, Qatar, UAE, Oman, and some Polynesian islands, including Hawaii"
blue-tailed bee-eater,Merops philippinus,Least Concern,"Thin black mask, rufous throat, elongated central tail feathers (in adults), broad and sharply pointed wings, long tail, and long bill",Unknown,Open country,Frequently seen in flight or perched on exposed snags or telephone wires,Unknown
white-throated kingfisher,Halcyon smyrnensis,Least Concern,"Large head, electric-blue back and wings, heavy red bill, snow-white throat patch",Unknown,"Near wetlands, lakes, agricultural fields, and clearings","Frequently seen perched on fence posts and telephone lines; gives jarring, raptor-like descending trills and cackles, often in flight",Unknown
gray-headed swamphen,Porphyrio poliocephalus,Unknown,"Red bill and forehead shield, red legs and feet with long toes, fluffy white “underpants”",Very large,"Marshy, vegetated freshwater bodies such as swamps, rivers, and lakes","Often clumsy, feeds at muddy water edges, in reeds, and on floating vegetation; usually in small groups",Unknown
white-breasted waterhen,Amaurornis phoenicurus,Least Concern,"Chickenlike appearance, rusty patch under the tail",Medium-sized,"Meadows, ditches, riversides, marshes, parks, and farmlands",Often seen foraging in the open; often found in close proximity to humans,Unknown
red-wattled lapwing,Vanellus indicus,Least Concern,"Red wattles in front of the eyes, red bill with black tip, black breast and throat, white cheek patch",Unknown,"Found around water bodies, agricultural fields, and dry land",Usually found in small groups; runs a short distance to pick up food from the ground,Unknown
little cormorant,Microcarbo niger,Least Concern,"Flat head, sharply hooked bill, small size compared to other cormorants",Smallest of the cormorants found in the region,Inland water bodies,"Frequently seen swimming with its body low in the water, often perches upright on a rock to dry itself with outstretched wings",Unknown
black-headed ibis,Threskiornis melanocephalus,Near Threatened,"Bare black head and neck, down-curved black bill",Large,"Wetlands, agricultural fields, coastal areas, dry fields, and human-modified landscapes","Probes into mud and shallow water with its long, down-curved bill, sometimes submerging its entire head while foraging",Unknown
indian pond-heron,Ardeola grayii,Least Concern,"Dark reddish brown back, yellowish head, neck, and breast in breeding plumage; strikingly white in flight",Small,Aquatic habitats across the Indian subcontinent,"Solitary, but large numbers gather where food is plentiful; prone to seasonally local movements and vagrancy",Unknown
little egret,Egretta garzetta,Unknown,"Wispy head plumes and white plumes on the lower back in breeding adults; slender dark bill, yellowish feet (""golden slippers"")",Small,"Wetlands, lakes, rivers, marshes, estuaries",Occurs as singles or in small loose groups; nests and roosts communally,Unknown
purple heron,Ardea purpurea,Least Concern,"Rusty head and streaky neck, extensively rusty brown on upperparts (juvenile)",Large,Fresh marshes with tall reeds and other vegetation,Often more retiring than Gray Heron; rarely seen in open situations,Unknown
brahminy kite,Haliastur indus,Least Concern,"Rounded tail, white head and breast contrasting with brick brown plumage",Medium-sized,Inland and coastal wetlands in tropical Asia; restricted to coastal wetlands in Australia,No information available,Tropical Asia and coastal wetlands in Australia
rose-ringed parakeet,Psittacula krameri,Least Concern,"Long slender tail, bright red bill, narrow black-and-pink neck ring in males",Unknown,"Woodland, parks, gardens","Nests in cavities, including holes in buildings; raucous and social, often appearing in noisy groups","Native to Africa and South Asia, introduced worldwide, including Europe, the Caribbean, Japan, and Hawaii"
brown-headed barbet,Psilopogon zeylanicus,Least Concern,"Prominent pale streaks on brown head and breast, white speckling on shoulders",Unknown,Prefers drier woodlands,Heard more often than seen,Unknown
spotted dove,Spilopelia chinensis,Unknown,White-spotted black nape patch,Unknown,"Open forests, fields, and parks; introduced to several regions around the world",Often tame and approachable; coos loudly and often,Much of Asia; introduced to several regions around the world
asian koel,Eudynamys scolopaceus,Unknown,"Dull lime-green bill (males), white dots on wings and streaking on head and throat (females and immatures)",Large,"Interior of dense trees in many habitats, including inner cities and fields","Usually secretive; females lay eggs in the nests of other large birds like crows, shrikes, and starlings",Unknown
common tailorbird,Orthotomus sutorius,Least Concern,Long bill; builds nest by stitching leaves together,Unknown,"Parks, gardens, and wooded areas across South and Southeast Asia",Known for stitching leaves together to build nests; “tuii-tuii…” and “whee-whee…” calls are often part of daily life sounds in human habitation,South and Southeast Asia
yellow-billed babbler,Argya affinis,Least Concern,"Pale spot in front of eyes, pale crown contrasting with dark throat and cheeks, blank-faced appearance",Unknown,Prefers drier habitats than the Jungle Babbler,Gregarious and noisy,Southern India and Sri Lanka
white-bellied drongo,Dicrurus caerulescens,Least Concern,"Distinctively forked tail, white belly in white-bellied form",Small,Dry and open forests across the Indian subcontinent,No information available,Indian subcontinent
black-hooded oriole,Oriolus xanthornus,Least Concern,"Black head and breast, black band towards the tail tip in flight",Medium-sized,"Wooded gardens, groves, and open forests",Often feeds on fruiting trees with a preference for figs,Unknown
pied kingfisher,Ceryle rudis,Least Concern,"Short, bushy crest; glossy all-dark bill; distinctly patterned head and breast",Unknown,Waterside habitats from lakes to estuaries to mangroves,Often hovers over water when seeking prey; frequently seen perched in pairs or small groups,Unknown
greater coucal,Centropus sinensis,Least Concern,"Long and heavy black tail, deep red eyes, rusty wings, glossy underparts",Large,Common across a range of habitats except very dense forests,Similar to Lesser Coucal; lacks white streaks on wings seen on Lesser Coucal,Unknown
rock pigeon,Columba livia,Least Concern,"Variable plumage; some identical to wild-type, others can be completely black, white, or orangey-brown",Fairly large,Cliffs and caves from western Europe to central Asia; cities and farmland,Often in large flocks,Worldwide (wild and feral populations)
lesser whistling-duck,Dendrocygna javanica,Least Concern,"Chestnut-fringed feathers, orange-yellow eyering",Small,Shallow water bodies with abundant vegetation,"Gregarious, often found in flocks; flies with rapid wingbeats on broad dark wings",Unknown
asian palm swift,Cypsiurus balasiensis,Least Concern,"Long thin wings, heavily-forked tail",Small,Mostly seen over open areas such as fields and agricultural land; partial to areas with palms on which they breed,"Seen in rapid fluttering flight, often making trilling “tiriririree” calls while foraging in pairs or loose flocks",Unknown
